"Month","Predicted KWH"
"2014 Jan",4.232029689622433
"2014 Feb",4.223891016413499
"2014 Mar",4.219565649903109
"2014 Apr",4.217800453017573
"2014 May",4.217052723456599
"2014 Jun",4.22467877671123
"2014 Jul",4.226221277745931
"2014 Aug",4.228127181916457
"2014 Sep",4.224832267729319
"2014 Oct",4.216201408903572
"2014 Nov",4.216247911766563
"2014 Dec",4.229517340659803
